국립공원,생물분류,종명,학명,분류명,경도,위도,조사일자,개체수
가야산,관속식물류,Aconitum jaluense,jaluense,투구꽃,128.07826,35.81125,2022-05-25,100
가야산,관속식물류,Alnus japonica,japonica,오리나무,128.0796,35.81041,2022-05-25,100
가야산,관속식물류,Carex biwensis,biwensis,솔잎사초,128.07947,35.81071,2022-05-25,1000
가야산,관속식물류,Carex maximowiczii,maximowiczii,왕비늘사초,128.07947,35.81071,2022-05-25,1000
가야산,관속식물류,Carex polyschoena,polyschoena,가지청사초,128.07718,35.8112,2022-05-25,4000
가야산,관속식물류,Cephalanthera longibracteata,longibracteata,은대난초,128.07916,35.81082,2022-05-25,10
가야산,관속식물류,Liparis kumokiri,kumokiri,옥잠난초,128.07849,35.81122,2022-05-25,20
가야산,관속식물류,Lloydia triflora,triflora,나도개감채,128.07948,35.81071,2022-05-25,15
가야산,관속식물류,Malus sieboldii,sieboldii,아그배나무,128.07812,35.81122,2022-05-25,2
가야산,관속식물류,Onoclea sensibilis,sensibilis,야산고비,128.07893,35.81111,2022-05-25,20
가야산,관속식물류,Osmunda japonica,japonica,고비,128.07849,35.81122,2022-05-25,30
가야산,관속식물류,Primula jesoana var.pubescens,pubescens,큰앵초,128.07826,35.81125,2022-05-25,1300
가야산,관속식물류,Spiraea fritschiana,fritschiana,참조팝나무,128.07947,35.81071,2022-05-25,300
가야산,관속식물류,Stewartia koreana,koreana,노각나무,128.07893,35.81111,2022-05-25,5
가야산,관속식물류,Thalictrum actaefolium var.brevistylum,brevistylum,은꿩의다리,128.07794,35.81119,2022-05-25,80
가야산,관속식물류,Tripterygium regelii,regelii,미역줄나무,128.07916,35.81082,2022-05-25,700
가야산,관속식물류,Vicia hirticalycina,hirticalycina,나래완두,128.07849,35.81122,2022-05-25,200
계룡산,관속식물류,Ajuga spectabilis,spectabilis,자란초,127.2113889,36.36138888,2022-05-28,200
계룡산,관속식물류,Hosta capitata,capitata,일월비비추,127.2208333,36.35333333,2022-05-28,3
계룡산,관속식물류,Hosta capitata,capitata,일월비비추,127.2205556,36.35472222,2022-05-28,4
계룡산,관속식물류,Hosta capitata,capitata,일월비비추,127.22,36.35638888,2022-05-28,1
계룡산,관속식물류,Hosta capitata,capitata,일월비비추,127.2202778,36.35472222,2022-05-28,1
계룡산,관속식물류,Weigela subsessilis,subsessilis,병꽃나무,127.2144444,36.36222222,2022-05-28,5
계룡산,관속식물류,Weigela subsessilis,subsessilis,병꽃나무,127.2136111,36.36277777,2022-05-28,5
계룡산,관속식물류,Weigela subsessilis,subsessilis,병꽃나무,127.2313889,36.3625,2022-05-28,5
계룡산,관속식물류,Weigela subsessilis,subsessilis,병꽃나무,127.2172222,36.36194444,2022-05-28,2
계룡산,관속식물류,Weigela subsessilis,subsessilis,병꽃나무,127.22,36.35638888,2022-05-28,3
계룡산,관속식물류,Weigela subsessilis,subsessilis,병꽃나무,127.2172222,36.36194444,2022-05-28,1
내장산,관속식물류,Acorus gramineus,gramineus,석창포,126.8413889,35.495,2022-05-25,100
내장산,관속식물류,Acorus gramineus,gramineus,석창포,126.8411111,35.49472222,2022-05-25,500
내장산,관속식물류,Asarum maculatum,maculatum,개족도리풀,126.8216667,35.47027777,2022-07-27,10
내장산,관속식물류,Asarum maculatum,maculatum,개족도리풀,126.8216667,35.47138888,2022-07-27,3
내장산,관속식물류,Chloranthus fortunei,fortunei,옥녀꽃대,126.9127778,35.52305555,2022-05-24,20
내장산,관속식물류,Daphniphyllum macropodum,macropodum,굴거리나무,126.8408333,35.4625,2022-07-28,3
내장산,관속식물류,Daphniphyllum macropodum,macropodum,굴거리나무,126.8330556,35.46444444,2022-07-27,20
내장산,관속식물류,Euphorbia ebracteolata,ebracteolata,붉은대극,126.8608333,35.49583333,2022-05-25,200
내장산,관속식물류,Idesia polycarpa,polycarpa,이나무,126.8225,35.46861111,2022-07-27,3
내장산,관속식물류,Idesia polycarpa,polycarpa,이나무,126.8466667,35.465,2022-07-28,1
내장산,관속식물류,Lilium tsingtauense,tsingtauense,하늘말나리,126.8413889,35.49277777,2022-05-25,10
내장산,관속식물류,Lilium tsingtauense,tsingtauense,하늘말나리,126.8413889,35.49472222,2022-05-25,30
내장산,관속식물류,Lilium tsingtauense,tsingtauense,하늘말나리,126.8197222,35.49138888,2022-05-24,10
내장산,관속식물류,Lilium tsingtauense,tsingtauense,하늘말나리,126.8197222,35.49138888,2022-05-24,20
내장산,관속식물류,Lilium tsingtauense,tsingtauense,하늘말나리,126.8605556,35.49583333,2022-05-25,10
내장산,관속식물류,Lilium tsingtauense,tsingtauense,하늘말나리,126.8597222,35.49027777,2022-05-25,20
내장산,관속식물류,Lilium tsingtauense,tsingtauense,하늘말나리,126.86,35.49222222,2022-05-25,100
내장산,관속식물류,Tricyrtis macropoda,macropoda,뻐꾹나리,126.8386111,35.46305555,2022-07-27,5
내장산,관속식물류,Tricyrtis macropoda,macropoda,뻐꾹나리,126.8216667,35.47111111,2022-07-27,20
내장산,관속식물류,Tricyrtis macropoda,macropoda,뻐꾹나리,126.8216667,35.47388888,2022-07-27,20
내장산,관속식물류,Tricyrtis macropoda,macropoda,뻐꾹나리,126.8216667,35.47111111,2022-07-27,20
변산반도,관속식물류,Asarum maculatum,maculatum,개족도리풀,126.5258333,35.64861111,2022-05-31,5
변산반도,관속식물류,Asarum maculatum,maculatum,개족도리풀,126.5255556,35.64694444,2022-05-31,10
변산반도,관속식물류,Asarum maculatum,maculatum,개족도리풀,126.5252778,35.64666666,2022-05-31,5
변산반도,관속식물류,Calanthe discolor,discolor,새우난초,126.5255556,35.64694444,2022-05-31,50
변산반도,관속식물류,Calanthe discolor,discolor,새우난초,126.525,35.64638888,2022-05-31,50
변산반도,관속식물류,Calanthe discolor,discolor,새우난초,126.5252778,35.64666666,2022-05-31,20
변산반도,관속식물류,Elsholtzia byeonsanensis,byeonsanensis,변산향유,126.4677778,35.62583333,2022-07-25,500
변산반도,관속식물류,Elsholtzia byeonsanensis,byeonsanensis,변산향유,126.4697222,35.61805555,2022-07-25,10
변산반도,관속식물류,Machilus thunbergii,thunbergii,후박나무,126.525,35.64638888,2022-05-31,2
변산반도,관속식물류,Scutellaria insignis,insignis,광릉골무꽃,126.5263889,35.6475,2022-05-31,3
설악산,관속식물류,Allium microdictyon,microdictyon,산마늘,128.3466667,38.13583333,2022-05-14,1
설악산,관속식물류,Allium microdictyon,microdictyon,산마늘,128.3369444,38.13861111,2022-05-14,6
설악산,관속식물류,Allium microdictyon,microdictyon,산마늘,128.3466667,38.13583333,2022-05-14,1
설악산,관속식물류,Allium microdictyon,microdictyon,산마늘,128.3466667,38.13583333,2022-05-14,1
설악산,관속식물류,Allium microdictyon,microdictyon,산마늘,128.3372222,38.13888888,2022-05-14,6
설악산,관속식물류,Allium microdictyon,microdictyon,산마늘,128.3322222,38.13861111,2022-06-17,5
설악산,관속식물류,Androsace cortusifolia,cortusifolia,금강봄맞이,128.4519444,38.14638888,2022-06-24,30
설악산,관속식물류,Androsace cortusifolia,cortusifolia,금강봄맞이,128.4544444,38.14277777,2022-06-24,30
설악산,관속식물류,Androsace cortusifolia,cortusifolia,금강봄맞이,128.4702778,38.15388888,2022-06-24,5
설악산,관속식물류,Androsace cortusifolia,cortusifolia,금강봄맞이,128.4716667,38.14972222,2022-06-24,35
설악산,관속식물류,Androsace cortusifolia,cortusifolia,금강봄맞이,128.4747222,38.13916666,2022-06-24,5
설악산,관속식물류,Androsace cortusifolia,cortusifolia,금강봄맞이,128.4569444,38.14111111,2022-06-24,30
설악산,관속식물류,Androsace cortusifolia,cortusifolia,금강봄맞이,128.4622222,38.13888888,2022-06-24,30
설악산,관속식물류,Androsace cortusifolia,cortusifolia,금강봄맞이,128.4425,38.15111111,2022-06-24,20
설악산,관속식물류,Androsace cortusifolia,cortusifolia,금강봄맞이,128.4605556,38.13972222,2022-06-24,20
설악산,관속식물류,Anemone narcissiflora,narcissiflora,바람꽃,128.4430556,38.15055555,2022-06-24,30
설악산,관속식물류,Anemone narcissiflora,narcissiflora,바람꽃,128.4622222,38.13888888,2022-06-24,30
설악산,관속식물류,Anemone narcissiflora,narcissiflora,바람꽃,128.3336111,38.13833333,2022-06-17,500
설악산,관속식물류,Anemone narcissiflora,narcissiflora,바람꽃,128.4541667,38.14305555,2022-06-24,15
설악산,관속식물류,Anemone narcissiflora,narcissiflora,바람꽃,128.3341667,38.13833333,2022-06-17,20
설악산,관속식물류,Anemone narcissiflora,narcissiflora,바람꽃,128.4519444,38.14638888,2022-06-24,25
설악산,관속식물류,Anemone narcissiflora,narcissiflora,바람꽃,128.3388889,38.09416666,2022-06-22,25
설악산,관속식물류,Anemone narcissiflora,narcissiflora,바람꽃,128.3336111,38.13805555,2022-06-17,50
설악산,관속식물류,Anemone narcissiflora,narcissiflora,바람꽃,128.4552778,38.14166666,2022-06-24,200
설악산,관속식물류,Anemone narcissiflora,narcissiflora,바람꽃,128.4572222,38.14111111,2022-06-24,25
설악산,관속식물류,Anemone narcissiflora,narcissiflora,바람꽃,128.4444444,38.16138888,2022-09-03,17
설악산,관속식물류,Anemone narcissiflora,narcissiflora,바람꽃,128.3322222,38.13888888,2022-06-17,80
설악산,관속식물류,Anemone narcissiflora,narcissiflora,바람꽃,128.3258333,38.14166666,2022-06-17,12
설악산,관속식물류,Anemone narcissiflora,narcissiflora,바람꽃,128.3319444,38.13916666,2022-06-17,16
설악산,관속식물류,Anemone narcissiflora,narcissiflora,바람꽃,128.4402778,38.15333333,2022-06-24,20
설악산,관속식물류,Anemone narcissiflora,narcissiflora,바람꽃,128.3336111,38.13777777,2022-06-17,35
설악산,관속식물류,Aristolochia manshuriensis,manshuriensis,등칡,128.386,38.2239,2022-05-14,15
설악산,관속식물류,Aristolochia manshuriensis,manshuriensis,등칡,128.386,38.2239,2022-05-14,15
설악산,관속식물류,Aristolochia manshuriensis,manshuriensis,등칡,128.375,38.16027777,2022-06-21,1
설악산,관속식물류,Aristolochia manshuriensis,manshuriensis,등칡,128.3405556,38.1325,2022-09-01,11
설악산,관속식물류,Aristolochia manshuriensis,manshuriensis,등칡,128.3397222,38.13333333,2022-09-01,3
설악산,관속식물류,Aristolochia manshuriensis,manshuriensis,등칡,128.3347222,38.12083333,2022-06-03,6
설악산,관속식물류,Aristolochia manshuriensis,manshuriensis,등칡,128.3016667,38.17944444,2022-06-02,35
설악산,관속식물류,Aristolochia manshuriensis,manshuriensis,등칡,128.3038889,38.17138888,2022-06-02,10
설악산,관속식물류,Aristolochia manshuriensis,manshuriensis,등칡,128.305,38.16527777,2022-06-02,1
설악산,관속식물류,Aristolochia manshuriensis,manshuriensis,등칡,128.3280556,38.12027777,2022-06-03,9
설악산,관속식물류,Aristolochia manshuriensis,manshuriensis,등칡,128.386,38.2239,2022-05-14,15
설악산,관속식물류,Aristolochia manshuriensis,manshuriensis,등칡,128.3627778,38.14861111,2022-06-20,12
설악산,관속식물류,Aristolochia manshuriensis,manshuriensis,등칡,128.3602778,38.14777777,2022-06-20,5
설악산,관속식물류,Aristolochia manshuriensis,manshuriensis,등칡,128.3680556,38.15027777,2022-06-20,10
설악산,관속식물류,Aristolochia manshuriensis,manshuriensis,등칡,128.4452778,38.16083333,2022-09-03,1
설악산,관속식물류,Aristolochia manshuriensis,manshuriensis,등칡,128.3755556,38.15361111,2022-06-20,20
설악산,관속식물류,Aristolochia manshuriensis,manshuriensis,등칡,128.3691667,38.15083333,2022-06-20,50
설악산,관속식물류,Aristolochia manshuriensis,manshuriensis,등칡,128.386,38.2239,2022-05-14,15
설악산,관속식물류,Aristolochia manshuriensis,manshuriensis,등칡,128.3619444,38.19277777,2022-05-20,50
설악산,관속식물류,Aristolochia manshuriensis,manshuriensis,등칡,128.4025,38.20472222,2022-05-20,50
설악산,관속식물류,Aristolochia manshuriensis,manshuriensis,등칡,128.4002778,38.21777777,2022-05-20,7
설악산,관속식물류,Aristolochia manshuriensis,manshuriensis,등칡,128.386,38.2239,2022-05-14,15
설악산,관속식물류,Aristolochia manshuriensis,manshuriensis,등칡,128.3836111,38.205,2022-05-19,5
설악산,관속식물류,Aristolochia manshuriensis,manshuriensis,등칡,128.3555556,38.14638888,2022-06-20,7
설악산,관속식물류,Aristolochia manshuriensis,manshuriensis,등칡,128.3397222,38.19111111,2022-05-20,5
설악산,관속식물류,Aristolochia manshuriensis,manshuriensis,등칡,128.3433333,38.18861111,2022-05-20,8
설악산,관속식물류,Aristolochia manshuriensis,manshuriensis,등칡,128.4488889,38.06944444,2022-08-17,20
설악산,관속식물류,Aristolochia manshuriensis,manshuriensis,등칡,128.3763889,38.21138888,2022-05-19,6
설악산,관속식물류,Aristolochia manshuriensis,manshuriensis,등칡,128.3663889,38.19611111,2022-05-20,25
설악산,관속식물류,Bupleurum euphorbioides,euphorbioides,등대시호,128.4522222,38.14638888,2022-06-24,2
설악산,관속식물류,Bupleurum euphorbioides,euphorbioides,등대시호,128.4541667,38.16555555,2022-09-03,2
설악산,관속식물류,Bupleurum euphorbioides,euphorbioides,등대시호,128.4622222,38.13888888,2022-06-24,5
설악산,관속식물류,Bupleurum euphorbioides,euphorbioides,등대시호,128.4441667,38.12722222,2022-06-21,8
설악산,관속식물류,Bupleurum euphorbioides,euphorbioides,등대시호,128.3336111,38.13805555,2022-06-17,5
설악산,관속식물류,Bupleurum euphorbioides,euphorbioides,등대시호,128.3336111,38.13777777,2022-06-17,30
설악산,관속식물류,Bupleurum euphorbioides,euphorbioides,등대시호,128.4427778,38.15111111,2022-06-24,13
설악산,관속식물류,Bupleurum euphorbioides,euphorbioides,등대시호,128.4544444,38.1425,2022-06-24,2
설악산,관속식물류,Bupleurum euphorbioides,euphorbioides,등대시호,128.4544444,38.14277777,2022-06-24,5
설악산,관속식물류,Bupleurum euphorbioides,euphorbioides,등대시호,128.4402778,38.15333333,2022-06-24,30
설악산,관속식물류,Bupleurum euphorbioides,euphorbioides,등대시호,128.4505556,38.14777777,2022-06-24,10
설악산,관속식물류,Bupleurum euphorbioides,euphorbioides,등대시호,128.4552778,38.14166666,2022-06-24,3
설악산,관속식물류,Bupleurum euphorbioides,euphorbioides,등대시호,128.4425,38.06194444,2022-08-17,22
설악산,관속식물류,Bupleurum euphorbioides,euphorbioides,등대시호,128.3255556,38.14166666,2022-06-17,1
설악산,관속식물류,Bupleurum euphorbioides,euphorbioides,등대시호,128.4522222,38.14638888,2022-06-24,5
설악산,관속식물류,Cimicifuga heracleifolia var.bifida,bifida,세잎승마,128.3841667,38.20555555,2022-05-19,21
설악산,관속식물류,Cimicifuga heracleifolia var.bifida,bifida,세잎승마,128.3322222,38.09722222,2022-06-22,7
설악산,관속식물류,Cimicifuga heracleifolia var.bifida,bifida,세잎승마,128.4025,38.205,2022-05-20,20
설악산,관속식물류,Cimicifuga heracleifolia var.bifida,bifida,세잎승마,128.3802778,38.20944444,2022-05-19,6
설악산,관속식물류,Gymnospermium microrrhynchum,microrrhynchum,한계령풀,128.3935,38.22995,2022-05-14,5
설악산,관속식물류,Gymnospermium microrrhynchum,microrrhynchum,한계령풀,128.43304,38.02884,2022-05-14,15
설악산,관속식물류,Gymnospermium microrrhynchum,microrrhynchum,한계령풀,128.43163,38.02847,2022-05-14,2000
설악산,관속식물류,Gymnospermium microrrhynchum,microrrhynchum,한계령풀,128.43051,38.02629,2022-05-14,100
설악산,관속식물류,Gymnospermium microrrhynchum,microrrhynchum,한계령풀,128.43074,38.02605,2022-05-14,1000
설악산,관속식물류,Gymnospermium microrrhynchum,microrrhynchum,한계령풀,128.432,38.0272,2022-05-14,1
설악산,관속식물류,Gymnospermium microrrhynchum,microrrhynchum,한계령풀,128.43074,38.02605,2022-05-14,1000
설악산,관속식물류,Gymnospermium microrrhynchum,microrrhynchum,한계령풀,128.43396,38.02991,2022-05-14,6
설악산,관속식물류,Gymnospermium microrrhynchum,microrrhynchum,한계령풀,128.43051,38.02629,2022-05-14,100
설악산,관속식물류,Gymnospermium microrrhynchum,microrrhynchum,한계령풀,128.43163,38.02847,2022-05-14,2000
설악산,관속식물류,Gymnospermium microrrhynchum,microrrhynchum,한계령풀,128.43396,38.02991,2022-05-14,6
설악산,관속식물류,Gymnospermium microrrhynchum,microrrhynchum,한계령풀,128.43074,38.02605,2022-05-14,1000
설악산,관속식물류,Gymnospermium microrrhynchum,microrrhynchum,한계령풀,128.43074,38.02605,2022-05-14,1000
설악산,관속식물류,Gymnospermium microrrhynchum,microrrhynchum,한계령풀,128.432,38.0272,2022-05-14,1
설악산,관속식물류,Gymnospermium microrrhynchum,microrrhynchum,한계령풀,128.43051,38.02629,2022-05-14,100
설악산,관속식물류,Gymnospermium microrrhynchum,microrrhynchum,한계령풀,128.43163,38.02847,2022-05-14,2000
설악산,관속식물류,Gymnospermium microrrhynchum,microrrhynchum,한계령풀,128.43396,38.02991,2022-05-14,6
설악산,관속식물류,Gymnospermium microrrhynchum,microrrhynchum,한계령풀,128.43074,38.02605,2022-05-14,1000
설악산,관속식물류,Gymnospermium microrrhynchum,microrrhynchum,한계령풀,128.43074,38.02605,2022-05-14,1000
설악산,관속식물류,Gymnospermium microrrhynchum,microrrhynchum,한계령풀,128.3938,38.23018,2022-05-14,1
설악산,관속식물류,Gymnospermium microrrhynchum,microrrhynchum,한계령풀,128.41496,38.01247,2022-05-14,5
설악산,관속식물류,Gymnospermium microrrhynchum,microrrhynchum,한계령풀,128.43074,38.02605,2022-05-14,1000
설악산,관속식물류,Gymnospermium microrrhynchum,microrrhynchum,한계령풀,128.43051,38.02629,2022-05-14,100
설악산,관속식물류,Gymnospermium microrrhynchum,microrrhynchum,한계령풀,128.432,38.0272,2022-05-14,1
설악산,관속식물류,Hanabusaya asiatica,asiatica,금강초롱꽃,128.3372222,38.13861111,2022-08-06,17
설악산,관속식물류,Hanabusaya asiatica,asiatica,금강초롱꽃,128.4405556,38.0575,2022-08-17,17
설악산,관속식물류,Hanabusaya asiatica,asiatica,금강초롱꽃,128.4408333,38.05805555,2022-08-17,15
설악산,관속식물류,Hanabusaya asiatica,asiatica,금강초롱꽃,128.3466667,38.09416666,2022-06-22,5
설악산,관속식물류,Hanabusaya asiatica,asiatica,금강초롱꽃,128.3369444,38.09444444,2022-06-22,3
설악산,관속식물류,Hanabusaya asiatica,asiatica,금강초롱꽃,128.4541667,38.14305555,2022-06-24,5
설악산,관속식물류,Hanabusaya asiatica,asiatica,금강초롱꽃,128.3444444,38.1375,2022-08-06,5
설악산,관속식물류,Hanabusaya asiatica,asiatica,금강초롱꽃,128.3530556,38.135,2022-07-08,31
설악산,관속식물류,Hanabusaya asiatica,asiatica,금강초롱꽃,128.3372222,38.13805555,2022-09-01,4
설악산,관속식물류,Hanabusaya asiatica,asiatica,금강초롱꽃,128.3366667,38.13861111,2022-09-01,20
설악산,관속식물류,Hanabusaya asiatica,asiatica,금강초롱꽃,128.3377778,38.13694444,2022-09-01,20
설악산,관속식물류,Hanabusaya asiatica,asiatica,금강초롱꽃,128.3383333,38.13555555,2022-09-01,5
설악산,관속식물류,Hanabusaya asiatica,asiatica,금강초롱꽃,128.3394444,38.13388888,2022-09-01,15
설악산,관속식물류,Hanabusaya asiatica,asiatica,금강초롱꽃,128.3463889,38.13527777,2022-09-08,100
설악산,관속식물류,Hanabusaya asiatica,asiatica,금강초롱꽃,128.3461111,38.13694444,2022-09-08,10
설악산,관속식물류,Hanabusaya asiatica,asiatica,금강초롱꽃,128.3444444,38.1375,2022-09-08,12
설악산,관속식물류,Hanabusaya asiatica,asiatica,금강초롱꽃,128.3422222,38.13833333,2022-09-08,30
설악산,관속식물류,Hanabusaya asiatica,asiatica,금강초롱꽃,128.3375,38.13777777,2022-09-01,8
설악산,관속식물류,Hanabusaya asiatica,asiatica,금강초롱꽃,128.3372222,38.13805555,2022-09-01,22
설악산,관속식물류,Hanabusaya asiatica,asiatica,금강초롱꽃,128.3380556,38.14083333,2022-09-08,20
설악산,관속식물류,Hanabusaya asiatica,asiatica,금강초롱꽃,128.3366667,38.1425,2022-09-08,35
설악산,관속식물류,Hanabusaya asiatica,asiatica,금강초롱꽃,128.4488889,38.16166666,2022-09-03,1
설악산,관속식물류,Jeffersonia dubia,dubia,깽깽이풀,128.4061,38.24399,2022-05-14,3
설악산,관속식물류,Jeffersonia dubia,dubia,깽깽이풀,128.4061,38.24408,2022-05-14,10
설악산,관속식물류,Jeffersonia dubia,dubia,깽깽이풀,128.4062,38.24426,2022-05-14,8
설악산,관속식물류,Jeffersonia dubia,dubia,깽깽이풀,128.4061,38.24408,2022-05-14,10
설악산,관속식물류,Jeffersonia dubia,dubia,깽깽이풀,128.4061,38.24408,2022-05-14,10
설악산,관속식물류,Juniperus chinensis var.sargentii,sargentii,눈향나무,128.3333333,38.13777777,2022-06-17,7
설악산,관속식물류,Juniperus chinensis var.sargentii,sargentii,눈향나무,128.4522222,38.14638888,2022-06-24,3
설악산,관속식물류,Juniperus chinensis var.sargentii,sargentii,눈향나무,128.3319444,38.13861111,2022-06-17,5
설악산,관속식물류,Juniperus chinensis var.sargentii,sargentii,눈향나무,128.3255556,38.14194444,2022-06-17,15
설악산,관속식물류,Juniperus chinensis var.sargentii,sargentii,눈향나무,128.3288889,38.09694444,2022-06-22,3
설악산,관속식물류,Juniperus chinensis var.sargentii,sargentii,눈향나무,128.3258333,38.14194444,2022-06-17,10
설악산,관속식물류,Juniperus chinensis var.sargentii,sargentii,눈향나무,128.3319444,38.09722222,2022-06-22,5
설악산,관속식물류,Juniperus chinensis var.sargentii,sargentii,눈향나무,128.3341667,38.13833333,2022-06-17,1
설악산,관속식물류,Juniperus chinensis var.sargentii,sargentii,눈향나무,128.3344444,38.13805555,2022-06-17,2
설악산,관속식물류,Juniperus chinensis var.sargentii,sargentii,눈향나무,128.3330556,38.13833333,2022-06-17,9
설악산,관속식물류,Juniperus chinensis var.sargentii,sargentii,눈향나무,128.3258333,38.14194444,2022-06-17,100
설악산,관속식물류,Juniperus chinensis var.sargentii,sargentii,눈향나무,128.4508333,38.14777777,2022-06-24,1
설악산,관속식물류,Juniperus chinensis var.sargentii,sargentii,눈향나무,128.4425,38.15083333,2022-06-24,1
설악산,관속식물류,Juniperus chinensis var.sargentii,sargentii,눈향나무,128.3336111,38.13805555,2022-06-17,5
설악산,관속식물류,Juniperus chinensis var.sargentii,sargentii,눈향나무,128.3338889,38.13805555,2022-06-17,5
설악산,관속식물류,Juniperus chinensis var.sargentii,sargentii,눈향나무,128.3258333,38.14194444,2022-06-17,10
설악산,관속식물류,Juniperus chinensis var.sargentii,sargentii,눈향나무,128.4563889,38.14083333,2022-06-24,1
설악산,관속식물류,Juniperus chinensis var.sargentii,sargentii,눈향나무,128.3338889,38.13833333,2022-06-17,7
설악산,관속식물류,Leontopodium leiolepis,leiolepis,산솜다리,128.3255556,38.14166666,2022-06-17,24
설악산,관속식물류,Leontopodium leiolepis,leiolepis,산솜다리,128.4402778,38.15333333,2022-06-24,150
설악산,관속식물류,Leontopodium leiolepis,leiolepis,산솜다리,128.3322222,38.13861111,2022-06-17,3
설악산,관속식물류,Leontopodium leiolepis,leiolepis,산솜다리,128.4519444,38.14638888,2022-06-24,30
설악산,관속식물류,Leontopodium leiolepis,leiolepis,산솜다리,128.4391667,38.16083333,2022-09-03,4
설악산,관속식물류,Leontopodium leiolepis,leiolepis,산솜다리,128.4619444,38.13888888,2022-06-24,1
설악산,관속식물류,Leontopodium leiolepis,leiolepis,산솜다리,128.4544444,38.1425,2022-06-24,20
설악산,관속식물류,Leontopodium leiolepis,leiolepis,산솜다리,128.3344444,38.13805555,2022-06-17,10
설악산,관속식물류,Leontopodium leiolepis,leiolepis,산솜다리,128.4430556,38.15055555,2022-06-24,50
설악산,관속식물류,Leontopodium leiolepis,leiolepis,산솜다리,128.4469444,38.14944444,2022-06-24,25
설악산,관속식물류,Leontopodium leiolepis,leiolepis,산솜다리,128.3338889,38.13805555,2022-06-17,5
설악산,관속식물류,Leontopodium leiolepis,leiolepis,산솜다리,128.4544444,38.14277777,2022-06-24,200
설악산,관속식물류,Lilium cernuum,cernuum,솔나리,128.4425,38.15083333,2022-06-24,1
설악산,관속식물류,Lilium cernuum,cernuum,솔나리,128.4408333,38.15305555,2022-06-24,1
설악산,관속식물류,Lilium cernuum,cernuum,솔나리,128.4508333,38.14777777,2022-06-24,1
설악산,관속식물류,Lilium cernuum,cernuum,솔나리,128.44,38.15388888,2022-06-24,2
설악산,관속식물류,Lilium cernuum,cernuum,솔나리,128.3344444,38.09583333,2022-06-22,3
설악산,관속식물류,Lilium cernuum,cernuum,솔나리,128.3525,38.13527777,2022-07-08,2
설악산,관속식물류,Lilium cernuum,cernuum,솔나리,128.3333333,38.13805555,2022-08-06,1
설악산,관속식물류,Lilium cernuum,cernuum,솔나리,128.4619444,38.13861111,2022-06-24,1
설악산,관속식물류,Lilium cernuum,cernuum,솔나리,128.3319444,38.09722222,2022-06-22,2
설악산,관속식물류,Lilium cernuum,cernuum,솔나리,128.4394444,38.16055555,2022-06-24,2
설악산,관속식물류,Lilium cernuum,cernuum,솔나리,128.4433333,38.16138888,2022-09-03,1
설악산,관속식물류,Lilium cernuum,cernuum,솔나리,128.4527778,38.14611111,2022-06-24,2
설악산,관속식물류,Maianthemum bicolor,bicolor,자주솜대,128.4588889,38.14027777,2022-06-24,300
설악산,관속식물류,Maianthemum bicolor,bicolor,자주솜대,128.4541667,38.14388888,2022-06-24,200
설악산,관속식물류,Maianthemum bicolor,bicolor,자주솜대,128.33,38.14111111,2022-05-14,2000
설악산,관속식물류,Maianthemum bicolor,bicolor,자주솜대,128.3375,38.13916666,2022-05-14,5000
설악산,관속식물류,Maianthemum bicolor,bicolor,자주솜대,128.4377778,38.15638888,2022-06-24,15
설악산,관속식물류,Maianthemum bicolor,bicolor,자주솜대,128.3422222,38.09277777,2022-06-22,100
설악산,관속식물류,Maianthemum bicolor,bicolor,자주솜대,128.4644444,38.13333333,2022-06-24,100
설악산,관속식물류,Megaleranthis saniculifolia,saniculifolia,모데미풀,128.43395,38.02993,2022-05-14,2
설악산,관속식물류,Megaleranthis saniculifolia,saniculifolia,모데미풀,128.43443,38.03014,2022-05-14,3
설악산,관속식물류,Paeonia japonica,japonica,백작약,128.3697222,38.19722222,2022-05-20,4
설악산,관속식물류,Paeonia japonica,japonica,백작약,128.3294444,38.14111111,2022-05-14,3
설악산,관속식물류,Paeonia japonica,japonica,백작약,128.3711111,38.1975,2022-05-20,11
설악산,관속식물류,Paeonia japonica,japonica,백작약,128.3316667,38.13916666,2022-05-14,1
설악산,관속식물류,Paeonia japonica,japonica,백작약,128.3847222,38.20527777,2022-05-19,1
설악산,관속식물류,Paeonia japonica,japonica,백작약,128.3294444,38.14111111,2022-05-14,3
설악산,관속식물류,Paeonia japonica,japonica,백작약,128.3597222,38.14777777,2022-06-20,3
설악산,관속식물류,Paeonia japonica,japonica,백작약,128.3294444,38.14111111,2022-05-14,3
설악산,관속식물류,Pedicularis mandshurica,mandshurica,만주송이풀,128.3258333,38.14166666,2022-06-17,7
설악산,관속식물류,Pedicularis mandshurica,mandshurica,만주송이풀,128.4619444,38.13888888,2022-06-24,3
설악산,관속식물류,Rhododendron brachycarpum,brachycarpum,만병초,128.3530556,38.13527777,2022-07-08,4
설악산,관속식물류,Rhododendron brachycarpum,brachycarpum,만병초,128.3330556,38.13833333,2022-06-17,1
설악산,관속식물류,Rhododendron brachycarpum,brachycarpum,만병초,128.3266667,38.1425,2022-06-17,13
설악산,관속식물류,Rhododendron brachycarpum,brachycarpum,만병초,128.345,38.09416666,2022-06-22,5
설악산,관속식물류,Rhododendron brachycarpum,brachycarpum,만병초,128.4244444,38.13944444,2022-06-21,1
설악산,관속식물류,Rhododendron brachycarpum,brachycarpum,만병초,128.3416667,38.09333333,2022-06-22,5
설악산,관속식물류,Rhododendron brachycarpum,brachycarpum,만병초,128.4330556,38.15888888,2022-09-03,4
설악산,관속식물류,Rhododendron brachycarpum,brachycarpum,만병초,128.3330556,38.13833333,2022-06-17,8
설악산,관속식물류,Rhododendron brachycarpum,brachycarpum,만병초,128.3263889,38.1425,2022-06-17,20
설악산,관속식물류,Rhododendron brachycarpum,brachycarpum,만병초,128.3725,38.14916666,2022-06-20,3
설악산,관속식물류,Rhododendron brachycarpum,brachycarpum,만병초,128.3572222,38.14694444,2022-06-20,2
설악산,관속식물류,Rhododendron brachycarpum,brachycarpum,만병초,128.3344444,38.13833333,2022-06-17,5
설악산,관속식물류,Rhododendron brachycarpum,brachycarpum,만병초,128.3033333,38.16416666,2022-06-02,37
설악산,관속식물류,Rhododendron brachycarpum,brachycarpum,만병초,128.3419444,38.09277777,2022-06-22,15
설악산,관속식물류,Rhododendron brachycarpum,brachycarpum,만병초,128.3497222,38.09416666,2022-06-22,2
설악산,관속식물류,Rhododendron brachycarpum,brachycarpum,만병초,128.4586111,38.14027777,2022-06-24,2
설악산,관속식물류,Rhododendron brachycarpum,brachycarpum,만병초,128.3255556,38.14194444,2022-06-17,1
설악산,관속식물류,Rhododendron brachycarpum,brachycarpum,만병초,128.3719444,38.14611111,2022-06-20,5
설악산,관속식물류,Rhododendron brachycarpum,brachycarpum,만병초,128.3719444,38.14805555,2022-06-20,10
설악산,관속식물류,Rhododendron brachycarpum,brachycarpum,만병초,128.3522222,38.09194444,2022-06-22,4
설악산,관속식물류,Rhododendron brachycarpum,brachycarpum,만병초,128.4230556,38.13888888,2022-06-21,5
설악산,관속식물류,Saussurea diamantica,diamantica,금강분취,128.3722222,38.14583333,2022-06-20,5
설악산,관속식물류,Saussurea diamantica,diamantica,금강분취,128.335,38.095,2022-06-22,10
설악산,관속식물류,Saussurea diamantica,diamantica,금강분취,128.3388889,38.135,2022-09-01,2
설악산,관속식물류,Saussurea diamantica,diamantica,금강분취,128.4425,38.12722222,2022-06-21,25
설악산,관속식물류,Saussurea diamantica,diamantica,금강분취,128.4380556,38.12972222,2022-06-21,5
설악산,관속식물류,Saussurea diamantica,diamantica,금강분취,128.3391667,38.13444444,2022-09-01,11
설악산,관속식물류,Saussurea diamantica,diamantica,금강분취,128.4705556,38.13638888,2022-06-24,21
설악산,관속식물류,Saussurea diamantica,diamantica,금강분취,128.3269444,38.14194444,2022-06-17,100
설악산,관속식물류,Saussurea diamantica,diamantica,금강분취,128.4644444,38.13333333,2022-06-24,22
설악산,관속식물류,Spiraea miyabei,miyabei,덤불조팝나무,128.3302778,38.14111111,2022-06-17,21
설악산,관속식물류,Thuja koraiensis,koraiensis,눈측백,128.4388889,38.16055555,2022-09-03,3
설악산,관속식물류,Thuja koraiensis,koraiensis,눈측백,128.4394444,38.16055555,2022-06-24,5
설악산,관속식물류,Thuja koraiensis,koraiensis,눈측백,128.4247222,38.13888888,2022-06-21,3
설악산,관속식물류,Thuja koraiensis,koraiensis,눈측백,128.3419444,38.09333333,2022-06-22,5
설악산,관속식물류,Thuja koraiensis,koraiensis,눈측백,128.4747222,38.13944444,2022-06-24,1
설악산,관속식물류,Thuja koraiensis,koraiensis,눈측백,128.4616667,38.13861111,2022-06-24,2
설악산,관속식물류,Thuja koraiensis,koraiensis,눈측백,128.4422222,38.15138888,2022-06-24,5
설악산,관속식물류,Thuja koraiensis,koraiensis,눈측백,128.4569444,38.14111111,2022-06-24,5
설악산,관속식물류,Thuja koraiensis,koraiensis,눈측백,128.4330556,38.15916666,2022-09-03,10
설악산,관속식물류,Thuja koraiensis,koraiensis,눈측백,128.4322222,38.15944444,2022-09-03,7
설악산,관속식물류,Thuja koraiensis,koraiensis,눈측백,128.3261111,38.14222222,2022-06-17,200
설악산,관속식물류,Thuja koraiensis,koraiensis,눈측백,128.3266667,38.1425,2022-06-17,10
설악산,관속식물류,Thuja koraiensis,koraiensis,눈측백,128.4463889,38.13027777,2022-06-21,15
설악산,관속식물류,Thuja koraiensis,koraiensis,눈측백,128.4383333,38.15527777,2022-06-24,10
설악산,관속식물류,Thuja koraiensis,koraiensis,눈측백,128.4452778,38.12805555,2022-06-21,3
설악산,관속식물류,Thuja koraiensis,koraiensis,눈측백,128.4466667,38.12944444,2022-06-21,15
설악산,관속식물류,Thuja koraiensis,koraiensis,눈측백,128.4491667,38.12777777,2022-06-21,5
설악산,관속식물류,Thuja koraiensis,koraiensis,눈측백,128.3386111,38.09416666,2022-06-22,2
설악산,관속식물류,Thuja koraiensis,koraiensis,눈측백,128.4438889,38.12916666,2022-06-21,5
설악산,관속식물류,Trillium camschatcense,camschatcense,연영초,128.3330556,38.13833333,2022-05-14,3
설악산,관속식물류,Trillium camschatcense,camschatcense,연영초,128.3266667,38.14194444,2022-05-14,5
설악산,관속식물류,Trillium camschatcense,camschatcense,연영초,128.3277778,38.14111111,2022-05-14,2
설악산,관속식물류,Trillium camschatcense,camschatcense,연영초,128.3277778,38.14111111,2022-05-14,2
설악산,관속식물류,Trillium camschatcense,camschatcense,연영초,128.3994444,38.215,2022-05-20,4
설악산,관속식물류,Trillium camschatcense,camschatcense,연영초,128.3942,38.2302,2022-05-14,10
설악산,관속식물류,Trillium camschatcense,camschatcense,연영초,128.3977,38.23737,2022-05-14,30
설악산,관속식물류,Trillium camschatcense,camschatcense,연영초,128.3277778,38.14111111,2022-05-14,2
설악산,관속식물류,Trillium camschatcense,camschatcense,연영초,128.3266667,38.14194444,2022-05-14,5
설악산,관속식물류,Trillium camschatcense,camschatcense,연영초,128.3330556,38.13833333,2022-05-14,3
설악산,관속식물류,Trillium camschatcense,camschatcense,연영초,128.3333333,38.13833333,2022-05-14,35
설악산,관속식물류,Trillium camschatcense,camschatcense,연영초,128.3333333,38.13833333,2022-05-14,7
설악산,관속식물류,Trillium camschatcense,camschatcense,연영초,128.33,38.14111111,2022-05-14,10
설악산,관속식물류,Trillium camschatcense,camschatcense,연영초,128.3288889,38.14138888,2022-05-14,15
설악산,관속식물류,Trillium camschatcense,camschatcense,연영초,128.3266667,38.14194444,2022-05-14,5
설악산,관속식물류,Trillium camschatcense,camschatcense,연영초,128.3330556,38.13833333,2022-05-14,3
설악산,관속식물류,Trillium camschatcense,camschatcense,연영초,128.41498,38.01249,2022-05-14,1
설악산,관속식물류,Trillium camschatcense,camschatcense,연영초,128.3934,38.22992,2022-05-14,6
설악산,관속식물류,Trillium camschatcense,camschatcense,연영초,128.3325,38.13861111,2022-05-14,11
설악산,관속식물류,Trillium camschatcense,camschatcense,연영초,128.3977,38.23737,2022-05-14,30
설악산,관속식물류,Trillium camschatcense,camschatcense,연영초,128.3977,38.23737,2022-05-14,30
설악산,관속식물류,Trillium camschatcense,camschatcense,연영초,128.3308333,38.13972222,2022-05-14,12
설악산,관속식물류,Trillium camschatcense,camschatcense,연영초,128.3316667,38.13916666,2022-05-14,10
설악산,관속식물류,Trillium camschatcense,camschatcense,연영초,128.43442,38.03012,2022-05-14,10
설악산,관속식물류,Trillium camschatcense,camschatcense,연영초,128.3325,38.13861111,2022-05-14,2
월악산,관속식물류,Ajuga spectabilis,spectabilis,자란초,128.1302873,36.82601284,2022-06-08,150
월악산,관속식물류,Ajuga spectabilis,spectabilis,자란초,128.1039796,36.88073872,2022-07-30,20
월악산,관속식물류,Ajuga spectabilis,spectabilis,자란초,128.10312,36.88022456,2022-07-30,50
월악산,관속식물류,Ajuga spectabilis,spectabilis,자란초,128.2650138,36.81697507,2022-07-29,10
월악산,관속식물류,Allium thunbergii,thunbergii,산부추,128.1063848,36.88611643,2022-07-30,1
월악산,관속식물류,Allium thunbergii,thunbergii,산부추,128.0636111,36.84861111,2022-09-22,2
월악산,관속식물류,Allium thunbergii,thunbergii,산부추,128.1075933,36.88658449,2022-07-30,10
월악산,관속식물류,Allium thunbergii,thunbergii,산부추,128.1075267,36.86593722,2022-09-21,15
월악산,관속식물류,Allium thunbergii,thunbergii,산부추,128.1075267,36.86593722,2022-09-21,15
월악산,관속식물류,Allium thunbergii,thunbergii,산부추,128.1075267,36.86593722,2022-09-21,15
월악산,관속식물류,Allium thunbergii,thunbergii,산부추,128.2769785,36.81465658,2022-07-29,1
월악산,관속식물류,Allium thunbergii,thunbergii,산부추,128.1075267,36.86593722,2022-09-21,15
월악산,관속식물류,Aristolochia contorta,contorta,쥐방울덩굴,128.0614131,36.85865331,2022-06-01,40
월악산,관속식물류,Aristolochia contorta,contorta,쥐방울덩굴,128.0626627,36.86073075,2022-06-01,4
월악산,관속식물류,Aristolochia contorta,contorta,쥐방울덩굴,128.0614131,36.85865331,2022-06-01,40
월악산,관속식물류,Aristolochia contorta,contorta,쥐방울덩굴,128.070804,36.87285502,2022-09-21,3
월악산,관속식물류,Aristolochia contorta,contorta,쥐방울덩굴,128.0665177,36.8777425,2022-09-21,5
월악산,관속식물류,Berchemia berchemiifolia,berchemiifolia,망개나무,128.0881852,36.85906632,2022-06-02,3
월악산,관속식물류,Berchemia berchemiifolia,berchemiifolia,망개나무,128.11977,36.87928329,2022-07-29,1
월악산,관속식물류,Berchemia berchemiifolia,berchemiifolia,망개나무,128.1192471,36.87991507,2022-07-29,1
월악산,관속식물류,Elsholtzia saxatilis,saxatilis,가는잎향유,128.107512,36.86591674,2022-09-21,50
월악산,관속식물류,Elsholtzia saxatilis,saxatilis,가는잎향유,128.107512,36.86591674,2022-09-21,50
월악산,관속식물류,Elsholtzia saxatilis,saxatilis,가는잎향유,128.107512,36.86591674,2022-09-21,50
월악산,관속식물류,Elsholtzia saxatilis,saxatilis,가는잎향유,128.1106776,36.88584061,2022-07-30,2
월악산,관속식물류,Lilium cernuum,cernuum,솔나리,128.107005,36.88645238,2022-07-30,1
월악산,관속식물류,Lilium cernuum,cernuum,솔나리,128.1075486,36.88662242,2022-07-30,1
월악산,관속식물류,Lilium cernuum,cernuum,솔나리,128.1078005,36.88662099,2022-07-30,2
월악산,관속식물류,Lilium cernuum,cernuum,솔나리,128.1103751,36.88571108,2022-07-30,2
월악산,관속식물류,Parasenecio adenostyloides,adenostyloides,게박쥐나물,128.1039737,36.88745759,2022-07-30,8
월악산,관속식물류,Rhododendron micranthum,micranthum,꼬리진달래,128.1119444,36.81833333,2022-06-08,100
월악산,관속식물류,Rhododendron micranthum,micranthum,꼬리진달래,128.0966025,36.88149027,2022-07-30,50
월악산,관속식물류,Rhododendron micranthum,micranthum,꼬리진달래,128.0956913,36.88134338,2022-07-30,100
월악산,관속식물류,Rhododendron micranthum,micranthum,꼬리진달래,128.1062183,36.86620315,2022-09-21,50
월악산,관속식물류,Rhododendron micranthum,micranthum,꼬리진달래,128.2686065,36.81960234,2022-07-29,30
월악산,관속식물류,Rhododendron micranthum,micranthum,꼬리진달래,128.1062242,36.88589816,2022-07-30,20
월악산,관속식물류,Rodgersia podophylla,podophylla,도깨비부채,128.0924102,36.84374668,2022-06-01,40
월악산,관속식물류,Selliguea hastata,hastata,고란초,128.0835278,36.85395527,2022-09-21,50
월악산,관속식물류,Selliguea hastata,hastata,고란초,128.0886397,36.85898175,2022-06-02,500
월악산,관속식물류,Thymus quinquecostatus,quinquecostatus,백리향,128.1062452,36.88594426,2022-07-30,20
월악산,관속식물류,Thymus quinquecostatus,quinquecostatus,백리향,128.1060481,36.88596372,2022-07-30,10
월악산,관속식물류,Viola albida,albida,태백제비꽃,128.0997959,36.88113565,2022-07-30,20
월악산,관속식물류,Viola albida,albida,태백제비꽃,128.2777851,36.81212353,2022-07-29,20
월악산,관속식물류,Viola albida,albida,태백제비꽃,128.1133395,36.82003055,2022-06-08,10
월악산,관속식물류,Viola albida,albida,태백제비꽃,128.1043167,36.88728827,2022-07-30,3
월악산,관속식물류,Viola albida,albida,태백제비꽃,128.1107946,36.88585662,2022-07-30,10
지리산,관속식물류,Abies koreana,koreana,구상나무,127.638524,35.327625,2022-05-29,30
지리산,관속식물류,Abies koreana,koreana,구상나무,127.701064,35.265497,2022-06-18,42
지리산,관속식물류,Abies koreana,koreana,구상나무,127.734553,35.366721,2022-06-11,25
지리산,관속식물류,Abies koreana,koreana,구상나무,127.64239,35.32475,2022-05-29,30
지리산,관속식물류,Abies koreana,koreana,구상나무,127.643016,35.32761,2022-05-29,50
지리산,관속식물류,Abies koreana,koreana,구상나무,127.64239,35.32475,2022-05-29,30
지리산,관속식물류,Abies koreana,koreana,구상나무,127.6383333,35.3275,2022-05-29,30
지리산,관속식물류,Abies koreana,koreana,구상나무,127.643016,35.32761,2022-05-29,50
지리산,관속식물류,Abies koreana,koreana,구상나무,127.68246,35.318906,2022-05-22,100
지리산,관속식물류,Abies koreana,koreana,구상나무,127.66214,35.3179,2022-05-29,50
지리산,관속식물류,Acer tegmentosum,tegmentosum,산겨릅나무,127.7252778,35.34055556,2022-06-12,22
지리산,관속식물류,Acer tegmentosum,tegmentosum,산겨릅나무,127.734998,35.348153,2022-06-11,10
지리산,관속식물류,Acer tegmentosum,tegmentosum,산겨릅나무,127.732622,35.346868,2022-06-12,3
지리산,관속식물류,Acer tegmentosum,tegmentosum,산겨릅나무,127.72572,35.33982,2022-06-12,11
지리산,관속식물류,Acer tegmentosum,tegmentosum,산겨릅나무,127.73,35.34777777,2022-06-12,20
지리산,관속식물류,Acer tegmentosum,tegmentosum,산겨릅나무,127.731226,35.365126,2022-06-11,20
지리산,관속식물류,Acer tegmentosum,tegmentosum,산겨릅나무,127.723444,35.342936,2022-06-12,8
지리산,관속식물류,Acer tegmentosum,tegmentosum,산겨릅나무,127.724589,35.341652,2022-06-12,15
지리산,관속식물류,Acer tegmentosum,tegmentosum,산겨릅나무,127.724636,35.350334,2022-06-12,8
지리산,관속식물류,Acer tegmentosum,tegmentosum,산겨릅나무,127.721087,35.343546,2022-06-12,9
지리산,관속식물류,Angelica gigas,gigas,당귀,127.6625,35.31833333,2022-05-29,3
지리산,관속식물류,Angelica gigas,gigas,당귀,127.675005,35.32018,2022-05-22,27
지리산,관속식물류,Angelica gigas,gigas,당귀,127.732622,35.346868,2022-06-12,400
지리산,관속식물류,Angelica gigas,gigas,당귀,127.657753,35.327385,2022-05-29,37
지리산,관속식물류,Angelica gigas,gigas,당귀,127.66929,35.31131,2022-05-22,1
지리산,관속식물류,Angelica gigas,gigas,당귀,127.6836111,35.31944444,2022-05-22,30
지리산,관속식물류,Angelica gigas,gigas,당귀,127.633622,35.319041,2022-07-02,5
지리산,관속식물류,Coreanomecon hylomeconoides,hylomeconoides,매미꽃,127.704192,35.263881,2022-06-18,150
지리산,관속식물류,Coreanomecon hylomeconoides,hylomeconoides,매미꽃,127.736931,35.376346,2022-06-13,120
지리산,관속식물류,Coreanomecon hylomeconoides,hylomeconoides,매미꽃,127.67566,35.23939,2022-05-21,20
지리산,관속식물류,Coreanomecon hylomeconoides,hylomeconoides,매미꽃,127.674202,35.239185,2022-05-21,14
지리산,관속식물류,Coreanomecon hylomeconoides,hylomeconoides,매미꽃,127.6586111,35.23944444,2022-05-21,24
지리산,관속식물류,Coreanomecon hylomeconoides,hylomeconoides,매미꽃,127.748308,35.326806,2022-06-19,150
지리산,관속식물류,Coreanomecon hylomeconoides,hylomeconoides,매미꽃,127.754783,35.323981,2022-06-19,300
지리산,관속식물류,Coreanomecon hylomeconoides,hylomeconoides,매미꽃,127.74496,35.25668,2022-06-18,200
지리산,관속식물류,Coreanomecon hylomeconoides,hylomeconoides,매미꽃,127.708224,35.248077,2022-06-18,300
지리산,관속식물류,Coreanomecon hylomeconoides,hylomeconoides,매미꽃,127.6391667,35.30527777,2022-07-03,90
지리산,관속식물류,Coreanomecon hylomeconoides,hylomeconoides,매미꽃,127.799988,35.360362,2022-06-17,52
지리산,관속식물류,Coreanomecon hylomeconoides,hylomeconoides,매미꽃,127.708253,35.261325,2022-06-18,350
지리산,관속식물류,Corylopsis glabrescens var.gotoana,gotoana,히어리,127.649933,35.271781,2022-05-23,48
지리산,관속식물류,Corylopsis glabrescens var.gotoana,gotoana,히어리,127.670191,35.273278,2022-05-21,55
지리산,관속식물류,Juniperus chinensis var.sargentii,sargentii,눈향나무,127.729793,35.364579,2022-06-11,5
지리산,관속식물류,Lilium tsingtauense,tsingtauense,하늘말나리,127.65819,35.24005,2022-05-21,2
지리산,관속식물류,Maianthemum bicolor,bicolor,자주솜대,127.731777,35.339957,2022-06-12,22
지리산,관속식물류,Maianthemum bicolor,bicolor,자주솜대,127.736057,35.368091,2022-06-11,120
지리산,관속식물류,Maianthemum bicolor,bicolor,자주솜대,127.736057,35.368091,2022-06-11,120
지리산,관속식물류,Maianthemum bicolor,bicolor,자주솜대,127.675193,35.3217,2022-05-22,12
지리산,관속식물류,Maianthemum bicolor,bicolor,자주솜대,127.685093,35.322421,2022-05-22,400
지리산,관속식물류,Maianthemum bicolor,bicolor,자주솜대,127.733596,35.366138,2022-06-11,110
지리산,관속식물류,Maianthemum bicolor,bicolor,자주솜대,127.726475,35.339323,2022-06-12,2000
지리산,관속식물류,Maianthemum bicolor,bicolor,자주솜대,127.734994,35.347357,2022-06-11,150
지리산,관속식물류,Oplopanax elatus,elatus,땃두릅나무,127.7233,35.343238,2022-06-12,17
지리산,관속식물류,Oplopanax elatus,elatus,땃두릅나무,127.6830556,35.32305555,2022-05-22,5
지리산,관속식물류,Oplopanax elatus,elatus,땃두릅나무,127.743616,35.343062,2022-06-11,30
지리산,관속식물류,Paeonia japonica,japonica,백작약,127.73648,35.37645,2022-06-13,34
지리산,관속식물류,Paeonia japonica,japonica,백작약,127.6127778,35.30638888,2022-07-02,1
지리산,관속식물류,Paeonia japonica,japonica,백작약,127.7043,35.263954,2022-06-18,1
지리산,관속식물류,Paeonia japonica,japonica,백작약,127.67475,35.23933,2022-05-21,1
지리산,관속식물류,Patrinia saniculifolia,saniculifolia,금마타리,127.708876,35.339789,2022-05-28,40
지리산,관속식물류,Patrinia saniculifolia,saniculifolia,금마타리,127.66149,35.319868,2022-05-29,100
지리산,관속식물류,Patrinia saniculifolia,saniculifolia,금마타리,127.730917,35.335959,2022-06-12,300
지리산,관속식물류,Patrinia saniculifolia,saniculifolia,금마타리,127.667168,35.320823,2022-05-29,50
지리산,관속식물류,Patrinia saniculifolia,saniculifolia,금마타리,127.64916,35.32653,2022-05-29,5
지리산,관속식물류,Patrinia saniculifolia,saniculifolia,금마타리,127.64916,35.32653,2022-05-29,5
지리산,관속식물류,Patrinia saniculifolia,saniculifolia,금마타리,127.68223,35.322805,2022-05-22,10
지리산,관속식물류,Patrinia saniculifolia,saniculifolia,금마타리,127.675193,35.3217,2022-05-22,100
지리산,관속식물류,Patrinia saniculifolia,saniculifolia,금마타리,127.72922,35.337274,2022-06-12,60
지리산,관속식물류,Patrinia saniculifolia,saniculifolia,금마타리,127.725186,35.341071,2022-06-12,80
지리산,관속식물류,Patrinia saniculifolia,saniculifolia,금마타리,127.735039,35.34691,2022-06-11,100
지리산,관속식물류,Patrinia saniculifolia,saniculifolia,금마타리,127.73612,35.367596,2022-06-11,50
지리산,관속식물류,Patrinia saniculifolia,saniculifolia,금마타리,127.723599,35.342841,2022-06-12,100
지리산,관속식물류,Patrinia saniculifolia,saniculifolia,금마타리,127.630708,35.326928,2022-05-29,15
지리산,관속식물류,Patrinia saniculifolia,saniculifolia,금마타리,127.731709,35.339877,2022-06-12,200
지리산,관속식물류,Patrinia saniculifolia,saniculifolia,금마타리,127.664048,35.320957,2022-05-29,60
지리산,관속식물류,Patrinia saniculifolia,saniculifolia,금마타리,127.733426,35.342145,2022-06-12,50
지리산,관속식물류,Patrinia saniculifolia,saniculifolia,금마타리,127.637148,35.325944,2022-05-29,110
지리산,관속식물류,Patrinia saniculifolia,saniculifolia,금마타리,127.685811,35.322188,2022-05-29,200
지리산,관속식물류,Patrinia saniculifolia,saniculifolia,금마타리,127.732501,35.365605,2022-06-11,100
지리산,관속식물류,Patrinia saniculifolia,saniculifolia,금마타리,127.731736,35.36475,2022-06-11,25
지리산,관속식물류,Patrinia saniculifolia,saniculifolia,금마타리,127.733126,35.353952,2022-06-11,300
지리산,관속식물류,Patrinia saniculifolia,saniculifolia,금마타리,127.733922,35.356669,2022-06-11,200
지리산,관속식물류,Patrinia saniculifolia,saniculifolia,금마타리,127.630708,35.326928,2022-05-29,15
지리산,관속식물류,Patrinia saniculifolia,saniculifolia,금마타리,127.637148,35.325944,2022-05-29,110
지리산,관속식물류,Pseudostellaria okamotoi,okamotoi,지리산개별꽃,127.6505,35.32657,2022-05-29,150
지리산,관속식물류,Pseudostellaria okamotoi,okamotoi,지리산개별꽃,127.641658,35.327058,2022-05-29,200
지리산,관속식물류,Pseudostellaria okamotoi,okamotoi,지리산개별꽃,127.663903,35.320832,2022-05-29,80
지리산,관속식물류,Pseudostellaria okamotoi,okamotoi,지리산개별꽃,127.659563,35.327216,2022-05-29,400
지리산,관속식물류,Pseudostellaria okamotoi,okamotoi,지리산개별꽃,127.641658,35.327058,2022-05-29,200
지리산,관속식물류,Pseudostellaria okamotoi,okamotoi,지리산개별꽃,127.732643,35.362601,2022-06-11,200
지리산,관속식물류,Pseudostellaria okamotoi,okamotoi,지리산개별꽃,127.6505,35.32657,2022-05-29,150
지리산,관속식물류,Pseudostellaria okamotoi,okamotoi,지리산개별꽃,127.704938,35.264084,2022-06-18,500
지리산,관속식물류,Pseudostellaria okamotoi,okamotoi,지리산개별꽃,127.734081,35.352383,2022-06-11,300
지리산,관속식물류,Rhododendron brachycarpum,brachycarpum,만병초,127.633794,35.326526,2022-05-29,1
지리산,관속식물류,Rhododendron brachycarpum,brachycarpum,만병초,127.724636,35.350334,2022-06-12,14
지리산,관속식물류,Rhododendron brachycarpum,brachycarpum,만병초,127.672722,35.323491,2022-05-29,45
지리산,관속식물류,Rhododendron brachycarpum,brachycarpum,만병초,127.743616,35.343062,2022-06-11,3
지리산,관속식물류,Rhododendron brachycarpum,brachycarpum,만병초,127.722211,35.350702,2022-06-12,7
지리산,관속식물류,Rhododendron brachycarpum,brachycarpum,만병초,127.7225,35.3430556,2022-06-12,4
지리산,관속식물류,Rhododendron tschonoskii,tschonoskii,흰참꽃,127.733612,35.35645,2022-06-11,18
지리산,관속식물류,Rhododendron tschonoskii,tschonoskii,흰참꽃,127.731235,35.339306,2022-06-12,35
지리산,관속식물류,Rhododendron tschonoskii,tschonoskii,흰참꽃,127.733376,35.360668,2022-06-11,20
지리산,관속식물류,Rhododendron tschonoskii,tschonoskii,흰참꽃,127.6469444,35.32666666,2022-05-29,20
지리산,관속식물류,Rhododendron tschonoskii,tschonoskii,흰참꽃,127.638132,35.325411,2022-05-29,35
지리산,관속식물류,Rhododendron tschonoskii,tschonoskii,흰참꽃,127.733126,35.353952,2022-06-11,40
지리산,관속식물류,Rhododendron tschonoskii,tschonoskii,흰참꽃,127.682739,35.31783,2022-05-22,6
지리산,관속식물류,Rhododendron tschonoskii,tschonoskii,흰참꽃,127.6908333,35.31833333,2022-05-29,20
지리산,관속식물류,Rhododendron tschonoskii,tschonoskii,흰참꽃,127.638132,35.325411,2022-05-29,35
지리산,관속식물류,Rhododendron tschonoskii,tschonoskii,흰참꽃,127.697336,35.261044,2022-06-18,30
지리산,관속식물류,Rhododendron tschonoskii,tschonoskii,흰참꽃,127.6469444,35.32666666,2022-05-29,20
지리산,관속식물류,Rhododendron tschonoskii,tschonoskii,흰참꽃,127.675285,35.321619,2022-05-22,25
지리산,관속식물류,Rhododendron tschonoskii,tschonoskii,흰참꽃,127.735044,35.346903,2022-06-11,20
지리산,관속식물류,Rhododendron tschonoskii,tschonoskii,흰참꽃,127.731051,35.365019,2022-06-11,17
지리산,관속식물류,Rhododendron tschonoskii,tschonoskii,흰참꽃,127.630708,35.326928,2022-05-29,60
지리산,관속식물류,Rhododendron tschonoskii,tschonoskii,흰참꽃,127.630708,35.326928,2022-05-29,60
지리산,관속식물류,Rhododendron tschonoskii,tschonoskii,흰참꽃,127.6858333,35.32194444,2022-05-29,4
지리산,관속식물류,Saxifraga oblongifolia,oblongifolia,참바위취,127.731709,35.339877,2022-06-12,200
지리산,관속식물류,Saxifraga oblongifolia,oblongifolia,참바위취,127.6469444,35.32638888,2022-05-29,150
지리산,관속식물류,Saxifraga oblongifolia,oblongifolia,참바위취,127.68667,35.32052,2022-05-22,30
지리산,관속식물류,Saxifraga oblongifolia,oblongifolia,참바위취,127.732831,35.355113,2022-06-11,48
지리산,관속식물류,Saxifraga oblongifolia,oblongifolia,참바위취,127.655987,35.328513,2022-05-29,35
지리산,관속식물류,Saxifraga oblongifolia,oblongifolia,참바위취,127.731019,35.335531,2022-06-12,120
지리산,관속식물류,Saxifraga oblongifolia,oblongifolia,참바위취,127.73498,35.346996,2022-06-11,80
지리산,관속식물류,Saxifraga oblongifolia,oblongifolia,참바위취,127.7077778,35.35361111,2022-06-12,30
지리산,관속식물류,Saxifraga oblongifolia,oblongifolia,참바위취,127.697499,35.26112,2022-06-18,142
지리산,관속식물류,Saxifraga oblongifolia,oblongifolia,참바위취,127.723387,35.343364,2022-06-12,70
지리산,관속식물류,Saxifraga oblongifolia,oblongifolia,참바위취,127.698934,35.254091,2022-06-18,7
지리산,관속식물류,Saxifraga oblongifolia,oblongifolia,참바위취,127.736107,35.367735,2022-06-11,21
지리산,관속식물류,Saxifraga oblongifolia,oblongifolia,참바위취,127.732456,35.365633,2022-06-11,300
지리산,관속식물류,Saxifraga oblongifolia,oblongifolia,참바위취,127.675526,35.321679,2022-05-22,130
지리산,관속식물류,Saxifraga oblongifolia,oblongifolia,참바위취,127.667177,35.320813,2022-05-29,5
지리산,관속식물류,Saxifraga oblongifolia,oblongifolia,참바위취,127.686249,35.321454,2022-05-29,27
지리산,관속식물류,Saxifraga oblongifolia,oblongifolia,참바위취,127.733133,35.341866,2022-06-12,200
지리산,관속식물류,Saxifraga oblongifolia,oblongifolia,참바위취,127.641075,35.325686,2022-05-29,300
지리산,관속식물류,Saxifraga oblongifolia,oblongifolia,참바위취,127.670295,35.322068,2022-05-29,200
지리산,관속식물류,Saxifraga oblongifolia,oblongifolia,참바위취,127.625028,35.329835,2022-05-29,14
지리산,관속식물류,Saxifraga oblongifolia,oblongifolia,참바위취,127.6627778,35.31916666,2022-05-29,100
지리산,관속식물류,Saxifraga oblongifolia,oblongifolia,참바위취,127.641075,35.325686,2022-05-29,300
지리산,관속식물류,Saxifraga oblongifolia,oblongifolia,참바위취,127.625028,35.329835,2022-05-29,14
지리산,관속식물류,Saxifraga oblongifolia,oblongifolia,참바위취,127.675005,35.32018,2022-05-22,1000
지리산,관속식물류,Saxifraga oblongifolia,oblongifolia,참바위취,127.74569,35.326818,2022-06-19,110
지리산,관속식물류,Saxifraga oblongifolia,oblongifolia,참바위취,127.61,35.30333333,2022-07-02,1000
지리산,관속식물류,Saxifraga oblongifolia,oblongifolia,참바위취,127.7313889,35.36444444,2022-06-11,150
지리산,관속식물류,Saxifraga oblongifolia,oblongifolia,참바위취,127.6469444,35.32638888,2022-05-29,150
지리산,관속식물류,Saxifraga oblongifolia,oblongifolia,참바위취,127.705006,35.264278,2022-06-18,54
지리산,관속식물류,Saxifraga oblongifolia,oblongifolia,참바위취,127.729456,35.337835,2022-06-12,400
지리산,관속식물류,Selliguea hastata,hastata,고란초,127.6452778,35.26444444,2022-05-21,47
지리산,관속식물류,Selliguea hastata,hastata,고란초,127.6513889,35.27194444,2022-05-23,75
지리산,관속식물류,Viola diamantiaca,diamantiaca,금강제비꽃,127.6925,35.3525,2022-05-28,60
